{
"apiVersion": "V2",
"assemblies": [
{
  "files": [
    {
      "filePath": "assembly_data_report.jsonl",
      "fileType": "DATA_REPORT",
      "uncompressedLengthBytes": "3537"
    }
  ]
},{
  "accession": "GCF_000195955.2",
  "files": [
    {
      "filePath": "GCF_000195955.2/GCF_000195955.2_ASM19595v2_genomic.fna",
      "fileType": "GENOMIC_NUCLEOTIDE_FASTA",
      "uncompressedLengthBytes": "4466740"
    },
    {
      "filePath": "GCF_000195955.2/genomic.gff",
      "fileType": "GFF3",
      "uncompressedLengthBytes": "2171566"
    }
  ]
}]}
